[{"pk": 1, "model": "program_log.program", "fields": {"url": "", "name": "Station ID"}}, {"pk": 2, "model": "program_log.program", "fields": {"url": "", "name": "News & Weather"}}, {"pk": 3, "model": "program_log.program", "fields": {"url": "", "name": "PSA"}}, {"pk": 4, "model": "program_log.program", "fields": {"url": "http://www.islaearth.org/radio/feed.rss", "name": "Isla Earth"}}, {"pk": 5, "model": "program_log.program", "fields": {"url": "", "name": "Ascertainment"}}, {"pk": 6, "model": "program_log.program", "fields": {"url": "http://kmnr.org/tnc/read", "name": "Town and Campus"}}, {"pk": 7, "model": "program_log.program", "fields": {"url": "", "name": "Concert News"}}, {"pk": 8, "model": "program_log.program", "fields": {"url": "http://www.earthsky.org/earthsky-player.html", "name": "Earth and Sky"}}, {"pk": 9, "model": "program_log.program", "fields": {"url": "http://www.scientificamerican.com/podcast/podcasts.cfm?type=60-second-science", "name": "60-Second Science"}}, {"pk": 10, "model": "program_log.program", "fields": {"url": "http://www.scientificamerican.com/podcast/podcasts.cfm?type=60-second-psych", "name": "60-Second Psych"}}, {"pk": 11, "model": "program_log.program", "fields": {"url": "http://fhradio.org/archives.html", "name": "Family Health"}}, {"pk": 1, "model": "program_log.programblock", "fields": {"start": "00:00:00", "end": "01:00:00"}}, {"pk": 2, "model": "program_log.programblock", "fields": {"start": "01:00:00", "end": "02:00:00"}}, {"pk": 3, "model": "program_log.programblock", "fields": {"start": "02:00:00", "end": "03:00:00"}}, {"pk": 4, "model": "program_log.programblock", "fields": {"start": "03:00:00", "end": "04:00:00"}}, {"pk": 5, "model": "program_log.programblock", "fields": {"start": "04:00:00", "end": "05:00:00"}}, {"pk": 6, "model": "program_log.programblock", "fields": {"start": "05:00:00", "end": "06:00:00"}}, {"pk": 7, "model": "program_log.programblock", "fields": {"start": "06:00:00", "end": "07:00:00"}}, {"pk": 8, "model": "program_log.programblock", "fields": {"start": "07:00:00", "end": "08:00:00"}}, {"pk": 9, "model": "program_log.programblock", "fields": {"start": "08:00:00", "end": "09:00:00"}}, {"pk": 10, "model": "program_log.programblock", "fields": {"start": "09:00:00", "end": "10:00:00"}}, {"pk": 11, "model": "program_log.programblock", "fields": {"start": "10:00:00", "end": "11:00:00"}}, {"pk": 12, "model": "program_log.programblock", "fields": {"start": "11:00:00", "end": "12:00:00"}}, {"pk": 13, "model": "program_log.programblock", "fields": {"start": "12:00:00", "end": "13:00:00"}}, {"pk": 14, "model": "program_log.programblock", "fields": {"start": "13:00:00", "end": "14:00:00"}}, {"pk": 15, "model": "program_log.programblock", "fields": {"start": "14:00:00", "end": "15:00:00"}}, {"pk": 16, "model": "program_log.programblock", "fields": {"start": "15:00:00", "end": "16:00:00"}}, {"pk": 17, "model": "program_log.programblock", "fields": {"start": "16:00:00", "end": "17:00:00"}}, {"pk": 18, "model": "program_log.programblock", "fields": {"start": "17:00:00", "end": "18:00:00"}}, {"pk": 19, "model": "program_log.programblock", "fields": {"start": "18:00:00", "end": "19:00:00"}}, {"pk": 20, "model": "program_log.programblock", "fields": {"start": "19:00:00", "end": "20:00:00"}}, {"pk": 21, "model": "program_log.programblock", "fields": {"start": "20:00:00", "end": "21:00:00"}}, {"pk": 22, "model": "program_log.programblock", "fields": {"start": "21:00:00", "end": "22:00:00"}}, {"pk": 23, "model": "program_log.programblock", "fields": {"start": "22:00:00", "end": "23:00:00"}}, {"pk": 24, "model": "program_log.programblock", "fields": {"start": "23:00:00", "end": "23:59:00"}}, {"pk": 1, "model": "program_log.programslot", "fields": {"active": true, "program": 1, "time": 1}}, {"pk": 2, "model": "program_log.programslot", "fields": {"active": true, "program": 1, "time": 2}}, {"pk": 3, "model": "program_log.programslot", "fields": {"active": true, "program": 1, "time": 3}}, {"pk": 4, "model": "program_log.programslot", "fields": {"active": true, "program": 4, "time": 3}}, {"pk": 5, "model": "program_log.programslot", "fields": {"active": true, "program": 2, "time": 1}}, {"pk": 6, "model": "program_log.programslot", "fields": {"active": true, "program": 3, "time": 2}}, {"pk": 7, "model": "program_log.programslot", "fields": {"active": true, "program": 1, "time": 4}}, {"pk": 8, "model": "program_log.programslot", "fields": {"active": true, "program": 5, "time": 4}}, {"pk": 9, "model": "program_log.programslot", "fields": {"active": true, "program": 1, "time": 5}}, {"pk": 10, "model": "program_log.programslot", "fields": {"active": true, "program": 6, "time": 5}}, {"pk": 11, "model": "program_log.programslot", "fields": {"active": true, "program": 1, "time": 6}}, {"pk": 12, "model": "program_log.programslot", "fields": {"active": true, "program": 7, "time": 6}}, {"pk": 13, "model": "program_log.programslot", "fields": {"active": true, "program": 1, "time": 7}}, {"pk": 14, "model": "program_log.programslot", "fields": {"active": true, "program": 3, "time": 7}}, {"pk": 15, "model": "program_log.programslot", "fields": {"active": true, "program": 1, "time": 8}}, {"pk": 16, "model": "program_log.programslot", "fields": {"active": true, "program": 5, "time": 8}}, {"pk": 17, "model": "program_log.programslot", "fields": {"active": true, "program": 1, "time": 9}}, {"pk": 18, "model": "program_log.programslot", "fields": {"active": true, "program": 2, "time": 9}}, {"pk": 19, "model": "program_log.programslot", "fields": {"active": true, "program": 9, "time": 9}}, {"pk": 20, "model": "program_log.programslot", "fields": {"active": true, "program": 1, "time": 10}}, {"pk": 21, "model": "program_log.programslot", "fields": {"active": true, "program": 6, "time": 10}}, {"pk": 22, "model": "program_log.programslot", "fields": {"active": true, "program": 11, "time": 10}}, {"pk": 23, "model": "program_log.programslot", "fields": {"active": true, "program": 1, "time": 11}}, {"pk": 24, "model": "program_log.programslot", "fields": {"active": true, "program": 8, "time": 11}}, {"pk": 25, "model": "program_log.programslot", "fields": {"active": true, "program": 7, "time": 11}}, {"pk": 26, "model": "program_log.programslot", "fields": {"active": true, "program": 1, "time": 12}}, {"pk": 27, "model": "program_log.programslot", "fields": {"active": true, "program": 9, "time": 12}}, {"pk": 28, "model": "program_log.programslot", "fields": {"active": true, "program": 3, "time": 12}}, {"pk": 29, "model": "program_log.programslot", "fields": {"active": true, "program": 1, "time": 13}}, {"pk": 30, "model": "program_log.programslot", "fields": {"active": true, "program": 6, "time": 13}}, {"pk": 31, "model": "program_log.programslot", "fields": {"active": true, "program": 2, "time": 13}}, {"pk": 32, "model": "program_log.programslot", "fields": {"active": true, "program": 1, "time": 14}}, {"pk": 33, "model": "program_log.programslot", "fields": {"active": true, "program": 11, "time": 14}}, {"pk": 34, "model": "program_log.programslot", "fields": {"active": true, "program": 4, "time": 14}}, {"pk": 35, "model": "program_log.programslot", "fields": {"active": true, "program": 1, "time": 15}}, {"pk": 36, "model": "program_log.programslot", "fields": {"active": true, "program": 9, "time": 15}}, {"pk": 37, "model": "program_log.programslot", "fields": {"active": true, "program": 5, "time": 15}}, {"pk": 38, "model": "program_log.programslot", "fields": {"active": true, "program": 1, "time": 16}}, {"pk": 39, "model": "program_log.programslot", "fields": {"active": true, "program": 7, "time": 16}}, {"pk": 40, "model": "program_log.programslot", "fields": {"active": true, "program": 6, "time": 16}}, {"pk": 41, "model": "program_log.programslot", "fields": {"active": true, "program": 1, "time": 17}}, {"pk": 42, "model": "program_log.programslot", "fields": {"active": true, "program": 2, "time": 17}}, {"pk": 43, "model": "program_log.programslot", "fields": {"active": true, "program": 8, "time": 17}}, {"pk": 44, "model": "program_log.programslot", "fields": {"active": true, "program": 1, "time": 18}}, {"pk": 45, "model": "program_log.programslot", "fields": {"active": true, "program": 10, "time": 18}}, {"pk": 46, "model": "program_log.programslot", "fields": {"active": true, "program": 3, "time": 18}}, {"pk": 47, "model": "program_log.programslot", "fields": {"active": true, "program": 1, "time": 19}}, {"pk": 48, "model": "program_log.programslot", "fields": {"active": true, "program": 6, "time": 19}}, {"pk": 49, "model": "program_log.programslot", "fields": {"active": true, "program": 11, "time": 19}}, {"pk": 50, "model": "program_log.programslot", "fields": {"active": true, "program": 1, "time": 20}}, {"pk": 51, "model": "program_log.programslot", "fields": {"active": true, "program": 4, "time": 20}}, {"pk": 52, "model": "program_log.programslot", "fields": {"active": true, "program": 3, "time": 20}}, {"pk": 53, "model": "program_log.programslot", "fields": {"active": true, "program": 1, "time": 21}}, {"pk": 54, "model": "program_log.programslot", "fields": {"active": true, "program": 2, "time": 21}}, {"pk": 55, "model": "program_log.programslot", "fields": {"active": true, "program": 9, "time": 21}}, {"pk": 56, "model": "program_log.programslot", "fields": {"active": true, "program": 1, "time": 22}}, {"pk": 57, "model": "program_log.programslot", "fields": {"active": true, "program": 7, "time": 22}}, {"pk": 58, "model": "program_log.programslot", "fields": {"active": true, "program": 8, "time": 22}}, {"pk": 59, "model": "program_log.programslot", "fields": {"active": true, "program": 1, "time": 23}}, {"pk": 60, "model": "program_log.programslot", "fields": {"active": true, "program": 5, "time": 23}}, {"pk": 61, "model": "program_log.programslot", "fields": {"active": true, "program": 1, "time": 24}}, {"pk": 62, "model": "program_log.programslot", "fields": {"active": true, "program": 3, "time": 24}}, {"pk": 1, "model": "program_log.entry", "fields": {"slot": 32, "date": "2010-02-25", "notes": "", "user": 1, "time": "13:45:20"}}, {"pk": 1, "model": "program_log.report", "fields": {"program": [4, 8, 9, 10, 11], "slug": "syn", "name": "Syndicated Programming"}}, {"pk": 2, "model": "program_log.report", "fields": {"program": [3, 5], "slug": "kmnr", "name": "KMNR Produced Programming"}}, {"pk": "Q1", "model": "program_log.quarter", "fields": {"begin": "2010-01-01", "end": "2010-03-31"}}, {"pk": "Q2", "model": "program_log.quarter", "fields": {"begin": "2010-04-01", "end": "2010-06-30"}}, {"pk": "Q3", "model": "program_log.quarter", "fields": {"begin": "2010-07-01", "end": "2010-09-30"}}, {"pk": "Q4", "model": "program_log.quarter", "fields": {"begin": "2010-10-01", "end": "2010-12-31"}}, {"pk": 22, "model": "auth.permission", "fields": {"codename": "add_logentry", "name": "Can add log entry", "content_type": 8}}, {"pk": 23, "model": "auth.permission", "fields": {"codename": "change_logentry", "name": "Can change log entry", "content_type": 8}}, {"pk": 24, "model": "auth.permission", "fields": {"codename": "delete_logentry", "name": "Can delete log entry", "content_type": 8}}, {"pk": 4, "model": "auth.permission", "fields": {"codename": "add_group", "name": "Can add group", "content_type": 2}}, {"pk": 10, "model": "auth.permission", "fields": {"codename": "add_message", "name": "Can add message", "content_type": 4}}, {"pk": 1, "model": "auth.permission", "fields": {"codename": "add_permission", "name": "Can add permission", "content_type": 1}}, {"pk": 7, "model": "auth.permission", "fields": {"codename": "add_user", "name": "Can add user", "content_type": 3}}, {"pk": 5, "model": "auth.permission", "fields": {"codename": "change_group", "name": "Can change group", "content_type": 2}}, {"pk": 11, "model": "auth.permission", "fields": {"codename": "change_message", "name": "Can change message", "content_type": 4}}, {"pk": 2, "model": "auth.permission", "fields": {"codename": "change_permission", "name": "Can change permission", "content_type": 1}}, {"pk": 8, "model": "auth.permission", "fields": {"codename": "change_user", "name": "Can change user", "content_type": 3}}, {"pk": 6, "model": "auth.permission", "fields": {"codename": "delete_group", "name": "Can delete group", "content_type": 2}}, {"pk": 12, "model": "auth.permission", "fields": {"codename": "delete_message", "name": "Can delete message", "content_type": 4}}, {"pk": 3, "model": "auth.permission", "fields": {"codename": "delete_permission", "name": "Can delete permission", "content_type": 1}}, {"pk": 9, "model": "auth.permission", "fields": {"codename": "delete_user", "name": "Can delete user", "content_type": 3}}, {"pk": 13, "model": "auth.permission", "fields": {"codename": "add_contenttype", "name": "Can add content type", "content_type": 5}}, {"pk": 14, "model": "auth.permission", "fields": {"codename": "change_contenttype", "name": "Can change content type", "content_type": 5}}, {"pk": 15, "model": "auth.permission", "fields": {"codename": "delete_contenttype", "name": "Can delete content type", "content_type": 5}}, {"pk": 34, "model": "auth.permission", "fields": {"codename": "add_entry", "name": "Can add entry", "content_type": 12}}, {"pk": 25, "model": "auth.permission", "fields": {"codename": "add_program", "name": "Can add program", "content_type": 9}}, {"pk": 28, "model": "auth.permission", "fields": {"codename": "add_programblock", "name": "Can add program block", "content_type": 10}}, {"pk": 31, "model": "auth.permission", "fields": {"codename": "add_programslot", "name": "Can add program slot", "content_type": 11}}, {"pk": 41, "model": "auth.permission", "fields": {"codename": "add_quarter", "name": "Can add quarter", "content_type": 14}}, {"pk": 37, "model": "auth.permission", "fields": {"codename": "add_report", "name": "Can add report", "content_type": 13}}, {"pk": 35, "model": "auth.permission", "fields": {"codename": "change_entry", "name": "Can change entry", "content_type": 12}}, {"pk": 26, "model": "auth.permission", "fields": {"codename": "change_program", "name": "Can change program", "content_type": 9}}, {"pk": 29, "model": "auth.permission", "fields": {"codename": "change_programblock", "name": "Can change program block", "content_type": 10}}, {"pk": 32, "model": "auth.permission", "fields": {"codename": "change_programslot", "name": "Can change program slot", "content_type": 11}}, {"pk": 42, "model": "auth.permission", "fields": {"codename": "change_quarter", "name": "Can change quarter", "content_type": 14}}, {"pk": 38, "model": "auth.permission", "fields": {"codename": "change_report", "name": "Can change report", "content_type": 13}}, {"pk": 36, "model": "auth.permission", "fields": {"codename": "delete_entry", "name": "Can delete entry", "content_type": 12}}, {"pk": 27, "model": "auth.permission", "fields": {"codename": "delete_program", "name": "Can delete program", "content_type": 9}}, {"pk": 30, "model": "auth.permission", "fields": {"codename": "delete_programblock", "name": "Can delete program block", "content_type": 10}}, {"pk": 33, "model": "auth.permission", "fields": {"codename": "delete_programslot", "name": "Can delete program slot", "content_type": 11}}, {"pk": 43, "model": "auth.permission", "fields": {"codename": "delete_quarter", "name": "Can delete quarter", "content_type": 14}}, {"pk": 39, "model": "auth.permission", "fields": {"codename": "delete_report", "name": "Can delete report", "content_type": 13}}, {"pk": 40, "model": "auth.permission", "fields": {"codename": "view_reports", "name": "View Reports", "content_type": 13}}, {"pk": 16, "model": "auth.permission", "fields": {"codename": "add_session", "name": "Can add session", "content_type": 6}}, {"pk": 17, "model": "auth.permission", "fields": {"codename": "change_session", "name": "Can change session", "content_type": 6}}, {"pk": 18, "model": "auth.permission", "fields": {"codename": "delete_session", "name": "Can delete session", "content_type": 6}}, {"pk": 19, "model": "auth.permission", "fields": {"codename": "add_site", "name": "Can add site", "content_type": 7}}, {"pk": 20, "model": "auth.permission", "fields": {"codename": "change_site", "name": "Can change site", "content_type": 7}}, {"pk": 21, "model": "auth.permission", "fields": {"codename": "delete_site", "name": "Can delete site", "content_type": 7}}, {"pk": 1, "model": "auth.user", "fields": {"username": "admin", "first_name": "", "last_name": "", "is_active": true, "is_superuser": true, "is_staff": true, "last_login": "2010-01-30 17:31:29", "groups": [], "user_permissions": [], "password": "sha1$ddbae$0136eb8f38a11e19fe2bee8e9dcedb28b1c70dcd", "email": "josh.bohde@gmail.com", "date_joined": "2010-01-30 17:28:01"}}, {"pk": 2, "model": "auth.user", "fields": {"username": "test", "first_name": "", "last_name": "", "is_active": true, "is_superuser": false, "is_staff": false, "last_login": "2010-02-25 14:24:23", "groups": [], "user_permissions": [], "password": "sha1$561a6$3c7b2cc39915333452146f71a6a4f90e54edbc7f", "email": "", "date_joined": "2010-02-25 14:24:23"}}]
