[{"pk": 1, "model": "program_log.program", "fields": {"url": "", "name": "Station ID"}}, {"pk": 2, "model": "program_log.program", "fields": {"url": "", "name": "News & Weather"}}, {"pk": 3, "model": "program_log.program", "fields": {"url": "", "name": "PSA"}}, {"pk": 4, "model": "program_log.program", "fields": {"url": "http://www.islaearth.org/radio/feed.rss", "name": "Isla Earth"}}, {"pk": 5, "model": "program_log.program", "fields": {"url": "", "name": "Ascertainment"}}, {"pk": 6, "model": "program_log.program", "fields": {"url": "http://kmnr.org/tnc/read", "name": "Town and Campus"}}, {"pk": 7, "model": "program_log.program", "fields": {"url": "", "name": "Concert News"}}, {"pk": 8, "model": "program_log.program", "fields": {"url": "http://www.earthsky.org/earthsky-player.html", "name": "Earth and Sky"}}, {"pk": 9, "model": "program_log.program", "fields": {"url": "{% url programming-sci pk %}", "name": "60-Second Science"}}, {"pk": 10, "model": "program_log.program", "fields": {"url": "{% url programming-psych pk %}", "name": "60-Second Psych"}}, {"pk": 11, "model": "program_log.program", "fields": {"url": "http://fhradio.org/archives.html", "name": "Family Health"}}, {"pk": 1, "model": "program_log.programblock", "fields": {"start": "00:00:00", "end": "01:00:00"}}, {"pk": 2, "model": "program_log.programblock", "fields": {"start": "01:00:00", "end": "02:00:00"}}, {"pk": 3, "model": "program_log.programblock", "fields": {"start": "02:00:00", "end": "03:00:00"}}, {"pk": 4, "model": "program_log.programblock", "fields": {"start": "03:00:00", "end": "04:00:00"}}, {"pk": 5, "model": "program_log.programblock", "fields": {"start": "04:00:00", "end": "05:00:00"}}, {"pk": 6, "model": "program_log.programblock", "fields": {"start": "05:00:00", "end": "06:00:00"}}, {"pk": 7, "model": "program_log.programblock", "fields": {"start": "06:00:00", "end": "07:00:00"}}, {"pk": 8, "model": "program_log.programblock", "fields": {"start": "07:00:00", "end": "08:00:00"}}, {"pk": 9, "model": "program_log.programblock", "fields": {"start": "08:00:00", "end": "09:00:00"}}, {"pk": 10, "model": "program_log.programblock", "fields": {"start": "09:00:00", "end": "10:00:00"}}, {"pk": 11, "model": "program_log.programblock", "fields": {"start": "10:00:00", "end": "11:00:00"}}, {"pk": 12, "model": "program_log.programblock", "fields": {"start": "11:00:00", "end": "12:00:00"}}, {"pk": 13, "model": "program_log.programblock", "fields": {"start": "12:00:00", "end": "13:00:00"}}, {"pk": 14, "model": "program_log.programblock", "fields": {"start": "13:00:00", "end": "14:00:00"}}, {"pk": 15, "model": "program_log.programblock", "fields": {"start": "14:00:00", "end": "15:00:00"}}, {"pk": 16, "model": "program_log.programblock", "fields": {"start": "15:00:00", "end": "16:00:00"}}, {"pk": 17, "model": "program_log.programblock", "fields": {"start": "16:00:00", "end": "17:00:00"}}, {"pk": 18, "model": "program_log.programblock", "fields": {"start": "17:00:00", "end": "18:00:00"}}, {"pk": 19, "model": "program_log.programblock", "fields": {"start": "18:00:00", "end": "19:00:00"}}, {"pk": 20, "model": "program_log.programblock", "fields": {"start": "19:00:00", "end": "20:00:00"}}, {"pk": 21, "model": "program_log.programblock", "fields": {"start": "20:00:00", "end": "21:00:00"}}, {"pk": 22, "model": "program_log.programblock", "fields": {"start": "21:00:00", "end": "22:00:00"}}, {"pk": 23, "model": "program_log.programblock", "fields": {"start": "22:00:00", "end": "23:00:00"}}, {"pk": 24, "model": "program_log.programblock", "fields": {"start": "23:00:00", "end": "23:59:00"}}, {"pk": 1, "model": "program_log.programslot", "fields": {"active": true, "program": 1, "time": 1}}, {"pk": 2, "model": "program_log.programslot", "fields": {"active": true, "program": 1, "time": 2}}, {"pk": 3, "model": "program_log.programslot", "fields": {"active": true, "program": 1, "time": 3}}, {"pk": 4, "model": "program_log.programslot", "fields": {"active": true, "program": 4, "time": 3}}, {"pk": 5, "model": "program_log.programslot", "fields": {"active": true, "program": 2, "time": 1}}, {"pk": 6, "model": "program_log.programslot", "fields": {"active": true, "program": 3, "time": 2}}, {"pk": 7, "model": "program_log.programslot", "fields": {"active": true, "program": 1, "time": 4}}, {"pk": 8, "model": "program_log.programslot", "fields": {"active": true, "program": 5, "time": 4}}, {"pk": 9, "model": "program_log.programslot", "fields": {"active": true, "program": 1, "time": 5}}, {"pk": 10, "model": "program_log.programslot", "fields": {"active": true, "program": 6, "time": 5}}, {"pk": 11, "model": "program_log.programslot", "fields": {"active": true, "program": 1, "time": 6}}, {"pk": 12, "model": "program_log.programslot", "fields": {"active": true, "program": 7, "time": 6}}, {"pk": 13, "model": "program_log.programslot", "fields": {"active": true, "program": 1, "time": 7}}, {"pk": 14, "model": "program_log.programslot", "fields": {"active": true, "program": 3, "time": 7}}, {"pk": 15, "model": "program_log.programslot", "fields": {"active": true, "program": 1, "time": 8}}, {"pk": 16, "model": "program_log.programslot", "fields": {"active": true, "program": 5, "time": 8}}, {"pk": 17, "model": "program_log.programslot", "fields": {"active": true, "program": 1, "time": 9}}, {"pk": 18, "model": "program_log.programslot", "fields": {"active": true, "program": 2, "time": 9}}, {"pk": 19, "model": "program_log.programslot", "fields": {"active": true, "program": 9, "time": 9}}, {"pk": 20, "model": "program_log.programslot", "fields": {"active": true, "program": 1, "time": 10}}, {"pk": 21, "model": "program_log.programslot", "fields": {"active": true, "program": 6, "time": 10}}, {"pk": 22, "model": "program_log.programslot", "fields": {"active": true, "program": 11, "time": 10}}, {"pk": 23, "model": "program_log.programslot", "fields": {"active": true, "program": 1, "time": 11}}, {"pk": 24, "model": "program_log.programslot", "fields": {"active": true, "program": 8, "time": 11}}, {"pk": 25, "model": "program_log.programslot", "fields": {"active": true, "program": 7, "time": 11}}, {"pk": 26, "model": "program_log.programslot", "fields": {"active": true, "program": 1, "time": 12}}, {"pk": 27, "model": "program_log.programslot", "fields": {"active": true, "program": 9, "time": 12}}, {"pk": 28, "model": "program_log.programslot", "fields": {"active": true, "program": 3, "time": 12}}, {"pk": 29, "model": "program_log.programslot", "fields": {"active": true, "program": 1, "time": 13}}, {"pk": 30, "model": "program_log.programslot", "fields": {"active": true, "program": 6, "time": 13}}, {"pk": 31, "model": "program_log.programslot", "fields": {"active": true, "program": 2, "time": 13}}, {"pk": 32, "model": "program_log.programslot", "fields": {"active": true, "program": 1, "time": 14}}, {"pk": 33, "model": "program_log.programslot", "fields": {"active": true, "program": 11, "time": 14}}, {"pk": 34, "model": "program_log.programslot", "fields": {"active": true, "program": 4, "time": 14}}, {"pk": 35, "model": "program_log.programslot", "fields": {"active": true, "program": 1, "time": 15}}, {"pk": 36, "model": "program_log.programslot", "fields": {"active": true, "program": 9, "time": 15}}, {"pk": 37, "model": "program_log.programslot", "fields": {"active": true, "program": 5, "time": 15}}, {"pk": 38, "model": "program_log.programslot", "fields": {"active": true, "program": 1, "time": 16}}, {"pk": 39, "model": "program_log.programslot", "fields": {"active": true, "program": 7, "time": 16}}, {"pk": 40, "model": "program_log.programslot", "fields": {"active": true, "program": 6, "time": 16}}, {"pk": 41, "model": "program_log.programslot", "fields": {"active": true, "program": 1, "time": 17}}, {"pk": 42, "model": "program_log.programslot", "fields": {"active": true, "program": 2, "time": 17}}, {"pk": 43, "model": "program_log.programslot", "fields": {"active": true, "program": 8, "time": 17}}, {"pk": 44, "model": "program_log.programslot", "fields": {"active": true, "program": 1, "time": 18}}, {"pk": 45, "model": "program_log.programslot", "fields": {"active": true, "program": 10, "time": 18}}, {"pk": 46, "model": "program_log.programslot", "fields": {"active": true, "program": 3, "time": 18}}, {"pk": 47, "model": "program_log.programslot", "fields": {"active": true, "program": 1, "time": 19}}, {"pk": 48, "model": "program_log.programslot", "fields": {"active": true, "program": 6, "time": 19}}, {"pk": 49, "model": "program_log.programslot", "fields": {"active": true, "program": 11, "time": 19}}, {"pk": 50, "model": "program_log.programslot", "fields": {"active": true, "program": 1, "time": 20}}, {"pk": 51, "model": "program_log.programslot", "fields": {"active": true, "program": 4, "time": 20}}, {"pk": 52, "model": "program_log.programslot", "fields": {"active": true, "program": 3, "time": 20}}, {"pk": 53, "model": "program_log.programslot", "fields": {"active": true, "program": 1, "time": 21}}, {"pk": 54, "model": "program_log.programslot", "fields": {"active": true, "program": 2, "time": 21}}, {"pk": 55, "model": "program_log.programslot", "fields": {"active": true, "program": 9, "time": 21}}, {"pk": 56, "model": "program_log.programslot", "fields": {"active": true, "program": 1, "time": 22}}, {"pk": 57, "model": "program_log.programslot", "fields": {"active": true, "program": 7, "time": 22}}, {"pk": 58, "model": "program_log.programslot", "fields": {"active": true, "program": 8, "time": 22}}, {"pk": 59, "model": "program_log.programslot", "fields": {"active": true, "program": 1, "time": 23}}, {"pk": 60, "model": "program_log.programslot", "fields": {"active": true, "program": 5, "time": 23}}, {"pk": 61, "model": "program_log.programslot", "fields": {"active": true, "program": 1, "time": 24}}, {"pk": 62, "model": "program_log.programslot", "fields": {"active": true, "program": 3, "time": 24}}, {"pk": 1, "model": "program_log.report", "fields": {"program": [4, 8, 9, 10, 11], "slug": "syn", "name": "Syndicated Programming"}}, {"pk": 2, "model": "program_log.report", "fields": {"program": [3, 5], "slug": "kmnr", "name": "KMNR Produced Programming"}}, {"pk": "Q1", "model": "program_log.quarter", "fields": {"begin": "2010-01-01", "end": "2010-03-31"}}, {"pk": "Q2", "model": "program_log.quarter", "fields": {"begin": "2010-04-01", "end": "2010-06-30"}}, {"pk": "Q3", "model": "program_log.quarter", "fields": {"begin": "2010-07-01", "end": "2010-09-30"}}, {"pk": "Q4", "model": "program_log.quarter", "fields": {"begin": "2010-10-01", "end": "2010-12-31"}}]
